Platin1500,14,31,48,66,84,104,124,146,167,189,212,234,257,281,304,328,351,376,400,424,449,473,498,523,548,573,598,623,649,674,700,725,751,776,802,827,853,878,904,929,955,980,1006,1031,1056,1081,1106,1131,1155,1180,1204,1229,1253,1277,1300,1324,1347,1370,1393,1415,1437,1459,1480,1501,1521,1541,1561,1579,1597,1614,1630,1636,1642,1648,1654,1660,1666,1672,1677,1683,1689,1695,1701,1707,1713,1719,1724,1730,1736,1742,1748,1754,1759,1765,1771,1777,1781,1785,1789,1793,1797,1797
Platin3000,28,59,92,127,162,200,240,281,323,365,408,452,496,541,586,632,678,724,771,819,866,914,962,1010,1059,1107,1156,1205,1254,1304,1353,1403,1452,1502,1552,1602,1651,1701,1751,1801,1850,1900,1950,2000,2049,2099,2148,2197,2246,2295,2343,2392,2440,2488,2535,2583,2630,2676,2723,2769,2814,2859,2903,2947,2990,3032,3074,3114,3154,3193,3230,3267,3302,3335,3368,3398,3404,3410,3415,3421,3427,3433,3439,3445,3451,3457,3463,3468,3474,3480,3486,3492,3498,3504,3509,3515,3521,3527,3533,3538,3542,3546,3550,3554,3558,3558
Platin5000,35,74,114,156,199,246,294,344,394,445,497,551,605,659,715,771,828,886,944,1003,1062,1122,1181,1242,1302,1363,1425,1486,1548,1610,1672,1735,1798,1861,1924,1987,2051,2114,2178,2243,2307,2371,2435,2500,2564,2629,2693,2758,2823,2888,2952,3017,3082,3146,3211,3276,3340,3405,3469,3533,3597,3661,3725,3789,3852,3915,3979,4041,4104,4166,4229,4290,4352,4413,4474,4535,4595,4655,4715,4774,4833,4891,4949,5006,5062,5118,5173,5227,5281,5334,5386,5437,5487,5536,5584,5630,5676,5720,5763,5804,5842,5849,5855,5861,5867,5873,5879,5885,5891,5897,5903,5909,5915,5921,5927,5933,5939,5945,5951,5957,5962,5968,5974,5980,5986,5992,5996,6000,6004,6008,6012,6012
Platin7500,42,86,132,180,228,279,330,383,437,492,548,605,663,721,781,841,903,964,1027,1091,1154,1219,1284,1350,1416,1483,1551,1619,1687,1756,1826,1896,1966,2037,2108,2180,2252,2324,2397,2470,2543,2617,2691,2765,2839,2914,2989,3064,3139,3214,3290,3366,3442,3518,3594,3670,3747,3823,3900,3976,4053,4130,4206,4283,4360,4436,4513,4589,4666,4742,4819,4895,4971,5047,5122,5198,5274,5349,5424,5499,5573,5647,5721,5795,5869,5942,6015,6087,6159,6231,6302,6373,6443,6513,6582,6651,6719,6787,6853,6920,6985,7050,7113,7176,7239,7300,7360,7420,7478,7536,7592,7647,7701,7753,7804,7854,7903,7949,7994,8037,8078,8116,8151,8183,8212,8235,8240,8246,8252,8258,8264,8270,8276,8282,8288,8294,8300,8306,8312,8318,8324,8330,8336,8342,8348,8354,8360,8366,8372,8378,8384,8388,8392,8395,8399,8403,8403
PlatinXL10000,28,63,107,156,208,265,326,387,453,519,588,657,731,803,879,953,1033,1111,1191,1270,1352,1436,1520,1604,1688,1775,1862,1948,2038,2127,2218,2307,2399,2491,2585,2679,2771,2864,2960,3054,3149,3245,3341,3438,3534,3630,3727,3826,3922,4021,4119,4216,4315,4413,4512,4611,4710,4809,4909,5009,5107,5206,5307,5406,5505,5603,5702,5804,5902,6001,6099,6199,6298,6396,6493,6591,6690,6787,6885,6981,7078,7174,7271,7367,7464,7557,7653,7748,7842,7936,8027,8121,8213,8304,8394,8485,8574,8663,8750,8839,8923,9009,9094,9178,9262,9343,9426,9504,9584,9660,9737,9811,9885,9957,10028,10099,10165,10231,10297,10357,10417,10472,10524,10573,10616,10644,10656,10668,10680,10692,10692
PlatinXL15000,40,93,157,232,308,395,486,577,675,773,876,979,1089,1197,1309,1419,1539,1653,1773,1890,2012,2136,2260,2384,2508,2637,2766,2892,3026,3157,3290,3421,3557,3693,3831,3969,4105,4240,4380,4518,4659,4799,4939,5082,5222,5362,5505,5650,5790,5935,6077,6220,6365,6507,6652,6797,6942,7087,7231,7379,7521,7666,7813,7958,8103,8245,8390,8540,8682,8827,8969,9117,9262,9404,9547,9689,9834,9977,10119,10259,10402,10542,10685,10825,10968,11103,11243,11384,11522,11660,11793,11931,12067,12200,12334,12467,12598,12729,12858,12989,13113,13239,13366,13490,13614,13733,13858,13972,14092,14204,14319,14429,14539,14647,14752,14857,14955,15053,15151,15239,15327,15408,15484,15555,15616,15644,15656,15668,15680,15692,15692
PlatinXXL20000,52,123,207,308,408,525,646,767,897,1027,1164,1301,1447,1591,1739,1885,2045,2195,2355,2510,2672,2836,3000,3164,3328,3499,3670,3836,4014,4187,4362,4535,4715,4895,5077,5259,5439,5616,5800,5982,6169,6353,6537,6726,6910,7094,7283,7474,7658,7849,8035,8224,8415,8601,8792,8983,9174,9365,9553,9749,9935,10126,10319,10510,10701,10887,11078,11276,11462,11653,11839,12035,12226,12412,12601,12787,12978,13167,13353,13537,13726,13910,14099,14283,14472,14649,14833,15020,15202,15384,15559,15741,15921,16096,16274,16449,16622,16795,16966,17139,17303,17469,17638,17802,17966,18123,18290,18440,18600,18748,18901,19047,19193,19337,19476,19615,19745,19875,20005,20121,20237,20344,20444,20537,20616,20644,20656,20668,20680,20692,20692
PlatinXXL25000,64,153,257,384,508,655,806,957,1119,1281,1452,1623,1805,1985,2169,2351,2551,2737,2937,3130,3332,3536,3740,3944,4148,4361,4574,4780,5002,5217,5434,5649,5873,6097,6323,6549,6773,6992,7220,7446,7679,7907,8135,8370,8598,8826,9061,9298,9526,9763,9993,10228,10465,10695,10932,11169,11406,11643,11875,12119,12349,12586,12825,13062,13299,13529,13766,14012,14242,14479,14709,14953,15190,15420,15655,15885,16122,16357,16587,16815,17050,17278,17513,17741,17976,18195,18423,18656,18882,19108,19325,19551,19775,19992,20214,20431,20646,20861,21074,21289,21493,21699,21910,22114,22318,22513,22722,22908,23108,23292,23483,23665,23847,24027,24200,24373,24535,24697,24859,25003,25147,25280,25404,25519,25616,25644,25656,25668,25680,25692,25692
PlatinXXL30000,76,183,307,460,608,785,966,1147,1341,1535,1740,1945,2163,2379,2599,2817,3057,3279,3519,3750,3992,4236,4480,4724,4968,5223,5478,5724,5990,6247,6506,6763,7031,7299,7569,7839,8107,8368,8640,8910,9189,9461,9733,10014,10286,10558,10839,11122,11394,11677,11951,12232,12515,12789,13072,13355,13638,13921,14197,14489,14763,15046,15331,15614,15897,16171,16454,16748,17022,17305,17579,17871,18154,18428,18709,18983,19266,19547,19821,20093,20374,20646,20927,21199,21480,21741,22013,22292,22562,22832,23091,23361,23629,23888,24154,24413,24670,24927,25182,25439,25683,25929,26182,26426,26670,26903,27154,27376,27616,27836,28065,28283,28501,28717,28924,29131,29325,29519,29713,29885,30057,30216,30364,30501,30616,30644,30656,30668,30680,30692,30692
PlatinXXL35000,88,213,357,536,708,915,1126,1337,1563,1789,2028,2267,2521,2773,3029,3283,3563,3821,4101,4370,4652,4936,5220,5504,5788,6085,6382,6668,6978,7277,7578,7877,8189,8501,8815,9129,9441,9744,10060,10374,10699,11015,11331,11658,11974,12290,12617,12946,13262,13591,13909,14236,14565,14883,15212,15541,15870,16199,16519,16859,17177,17506,17837,18166,18495,18813,19142,19484,19802,20131,20449,20789,21118,21436,21763,22081,22410,22737,23055,23371,23698,24014,24341,24657,24984,25287,25603,25928,26242,26556,26857,27171,27483,27784,28094,28395,28694,28993,29290,29589,29873,30159,30454,30738,31022,31293,31586,31844,32124,32380,32647,32901,33155,33407,33648,33889,34115,34341,34567,34767,34967,35152,35324,35483,35616,35644,35656,35668,35680,35692,35692
PlatinXXL40000,100,243,407,612,808,1045,1286,1527,1785,2043,2316,2589,2879,3167,3459,3749,4069,4363,4683,4990,5312,5636,5960,6284,6608,6947,7286,7612,7966,8307,8650,8991,9347,9703,10061,10419,10775,11120,11480,11838,12209,12569,12929,13302,13662,14022,14395,14770,15130,15505,15867,16240,16615,16977,17352,17727,18102,18477,18841,19229,19591,19966,20343,20718,21093,21455,21830,22220,22582,22957,23319,23707,24082,24444,24817,25179,25554,25927,26289,26649,27022,27382,27755,28115,28488,28833,29193,29564,29922,30280,30623,30981,31337,31680,32034,32377,32718,33059,33398,33739,34063,34389,34726,35050,35374,35683,36018,36312,36632,36924,37229,37519,37809,38097,38372,38647,38905,39163,39421,39649,39877,40088,40284,40465,40616,40644,40656,40668,40680,40692,40692
PlatinXXL45000,112,273,457,688,908,1175,1446,1717,2007,2297,2604,2911,3237,3561,3889,4215,4575,4905,5265,5610,5972,6336,6700,7064,7428,7809,8190,8556,8954,9337,9722,10105,10505,10905,11307,11709,12109,12496,12900,13302,13719,14123,14527,14946,15350,15754,16173,16594,16998,17419,17825,18244,18665,19071,19492,19913,20334,20755,21163,21599,22005,22426,22849,23270,23691,24097,24518,24956,25362,25783,26189,26625,27046,27452,27871,28277,28698,29117,29523,29927,30346,30750,31169,31573,31992,32379,32783,33200,33602,34004,34389,34791,35191,35576,35974,36359,36742,37125,37506,37889,38253,38619,38998,39362,39726,40073,40450,40780,41140,41468,41811,42137,42463,42787,43096,43405,43695,43985,44275,44531,44787,45024,45244,45447,45616,45644,45656,45668,45680,45692,45692
PlatinXXL50000,124,303,507,764,1008,1305,1606,1907,2229,2551,2892,3233,3595,3955,4319,4681,5081,5447,5847,6230,6632,7036,7440,7844,8248,8671,9094,9500,9942,10367,10794,11219,11663,12107,12553,12999,13443,13872,14320,14766,15229,15677,16125,16590,17038,17486,17951,18418,18866,19333,19783,20248,20715,21165,21632,22099,22566,23033,23485,23969,24419,24886,25355,25822,26289,26739,27206,27692,28142,28609,29059,29543,30010,30460,30925,31375,31842,32307,32757,33205,33670,34118,34583,35031,35496,35925,36373,36836,37282,37728,38155,38601,39045,39472,39914,40341,40766,41191,41614,42039,42443,42849,43270,43674,44078,44463,44882,45248,45648,46012,46393,46755,47117,47477,47820,48163,48485,48807,49129,49413,49697,49960,50204,50429,50616,50644,50656,50668,50680,50692,50692
PlatinXXL55000,136,333,557,840,1108,1435,1766,2097,2451,2805,3180,3555,3953,4349,4749,5147,5587,5989,6429,6850,7292,7736,8180,8624,9068,9533,9998,10444,10930,11397,11866,12333,12821,13309,13799,14289,14777,15248,15740,16230,16739,17231,17723,18234,18726,19218,19729,20242,20734,21247,21741,22252,22765,23259,23772,24285,24798,25311,25807,26339,26833,27346,27861,28374,28887,29381,29894,30428,30922,31435,31929,32461,32974,33468,33979,34473,34986,35497,35991,36483,36994,37486,37997,38489,39000,39471,39963,40472,40962,41452,41921,42411,42899,43368,43854,44323,44790,45257,45722,46189,46633,47079,47542,47986,48430,48853,49314,49716,50156,50556,50975,51373,51771,52167,52544,52921,53275,53629,53983,54295,54607,54896,55164,55411,55616,55644,55656,55668,55680,55692,55692
PlatinXXL60000,148,363,607,916,1208,1565,1926,2287,2673,3059,3468,3877,4311,4743,5179,5613,6093,6531,7011,7470,7952,8436,8920,9404,9888,10395,10902,11388,11918,12427,12938,13447,13979,14511,15045,15579,16111,16624,17160,17694,18249,18785,19321,19878,20414,20950,21507,22066,22602,23161,23699,24256,24815,25353,25912,26471,27030,27589,28129,28709,29247,29806,30367,30926,31485,32023,32582,33164,33702,34261,34799,35379,35938,36476,37033,37571,38130,38687,39225,39761,40318,40854,41411,41947,42504,43017,43553,44108,44642,45176,45687,46221,46753,47264,47794,48305,48814,49323,49830,50339,50823,51309,51814,52298,52782,53243,53746,54184,54664,55100,55557,55991,56425,56857,57268,57679,58065,58451,58837,59177,59517,59832,60124,60393,60616,60644,60656,60668,60680,60692,60692
PlatinXXL65000,160,393,657,992,1308,1695,2086,2477,2895,3313,3756,4199,4669,5137,5609,6079,6599,7073,7593,8090,8612,9136,9660,10184,10708,11257,11806,12332,12906,13457,14010,14561,15137,15713,16291,16869,17445,18000,18580,19158,19759,20339,20919,21522,22102,22682,23285,23890,24470,25075,25657,26260,26865,27447,28052,28657,29262,29867,30451,31079,31661,32266,32873,33478,34083,34665,35270,35900,36482,37087,37669,38297,38902,39484,40087,40669,41274,41877,42459,43039,43642,44222,44825,45405,46008,46563,47143,47744,48322,48900,49453,50031,50607,51160,51734,52287,52838,53389,53938,54489,55013,55539,56086,56610,57134,57633,58178,58652,59172,59644,60139,60609,61079,61547,61992,62437,62855,63273,63691,64059,64427,64768,65084,65375,65616,65644,65656,65668,65680,65692,65692
Carat2700,0,2,4,7,17,28,39,51,63,76,88,102,115,129,143,158,173,188,203,219,235,251,268,285,302,319,337,355,373,392,411,430,450,470,490,510,531,551,572,594,615,637,659,681,703,726,749,772,794,818,841,864,888,911,935,959,983,1007,1031,1055,1080,1103,1127,1152,1177,1201,1232,1263,1293,1324,1355,1385,1416,1447,1477,1502,1526,1551,1575,1600,1623,1647,1672,1696,1720,1743,1767,1791,1814,1838,1861,1884,1907,1930,1952,1975,1997,2020,2041,2063,2085,2106,2127,2148,2168,2188,2209,2228,2248,2267,2286,2305,2323,2341,2359,2377,2394,2411,2427,2443,2459,2475,2490,2506,2520,2535,2549,2563,2577,2590,2603,2615,2628,2639,2651,2661,2671,2681,2690,2700,2700
Carat3750,8,18,28,38,49,60,71,84,98,111,125,140,154,170,186,202,218,236,253,271,289,308,326,346,365,385,405,427,448,469,491,514,536,560,583,607,631,655,680,706,731,756,782,808,834,861,888,915,942,969,997,1025,1052,1080,1108,1137,1165,1194,1222,1251,1281,1310,1339,1368,1398,1428,1458,1487,1517,1547,1577,1607,1638,1668,1698,1728,1765,1802,1839,1876,1912,1949,1986,2022,2059,2089,2119,2149,2179,2210,2240,2270,2299,2329,2358,2389,2418,2447,2476,2505,2535,2563,2592,2620,2648,2677,2705,2733,2760,2787,2815,2842,2869,2896,2923,2949,2975,3000,3027,3052,3076,3102,3126,3150,3174,3197,3220,3244,3266,3287,3310,3330,3352,3372,3392,3412,3430,3450,3468,3486,3503,3521,3538,3555,3571,3587,3603,3617,3632,3645,3659,3673,3685,3697,3709,3719,3729,3740,3750,3750
Carat4800,8,18,28,39,50,62,75,89,102,117,133,148,164,180,197,214,232,250,269,287,306,326,346,367,387,408,431,452,476,498,521,545,569,594,618,644,669,694,720,747,773,800,827,854,883,911,939,967,996,1025,1055,1084,1114,1144,1174,1204,1234,1265,1296,1327,1360,1391,1423,1455,1487,1519,1551,1583,1616,1649,1682,1715,1748,1781,1814,1847,1881,1915,1948,1982,2016,2049,2083,2117,2151,2185,2219,2261,2302,2343,2383,2424,2465,2506,2547,2587,2621,2656,2690,2724,2757,2791,2825,2859,2893,2927,2960,2994,3027,3060,3093,3126,3159,3192,3224,3257,3289,3321,3353,3385,3417,3448,3479,3511,3542,3573,3604,3634,3664,3694,3724,3753,3782,3812,3841,3869,3897,3925,3952,3981,4008,4034,4061,4087,4113,4139,4164,4189,4214,4238,4262,4286,4310,4332,4355,4377,4399,4421,4441,4461,4482,4501,4521,4539,4558,4575,4594,4610,4628,4644,4660,4675,4691,4705,4719,4732,4745,4758,4768,4779,4790,4800,4800
Carat6500,8,17,28,38,50,61,74,87,101,116,131,147,164,181,199,217,235,254,274,293,313,334,355,377,400,422,446,469,494,519,544,568,594,621,648,676,704,732,761,791,820,849,879,910,941,972,1004,1036,1068,1101,1133,1166,1200,1234,1268,1302,1337,1372,1407,1441,1477,1513,1549,1586,1622,1659,1695,1732,1770,1807,1845,1883,1922,1960,1997,2036,2075,2114,2153,2193,2232,2271,2310,2350,2390,2430,2470,2511,2550,2590,2631,2672,2712,2753,2794,2834,2875,2915,2956,2998,3039,3087,3134,3182,3230,3278,3326,3374,3421,3469,3510,3551,3592,3633,3673,3713,3754,3795,3836,3876,3917,3956,3997,4037,4077,4117,4157,4197,4237,4275,4315,4354,4393,4432,4471,4510,4547,4586,4624,4662,4700,4738,4775,4811,4848,4885,4922,4958,4994,5030,5066,5100,5136,5171,5205,5240,5274,5308,5341,5373,5406,5439,5471,5503,5535,5566,5597,5628,5657,5687,5717,5746,5775,5804,5832,5859,5886,5913,5938,5964,5989,6014,6038,6062,6085,6108,6130,6152,6173,6194,6215,6233,6253,6272,6291,6309,6326,6344,6360,6376,6392,6406,6420,6434,6446,6458,6469,6480,6490,6500,6500
CaratXL8500,4,12,22,34,48,63,79,97,116,137,158,180,202,226,250,276,302,329,356,385,414,444,474,505,536,568,602,636,669,705,740,776,813,850,887,926,964,1004,1043,1084,1125,1166,1207,1250,1292,1336,1380,1423,1467,1512,1557,1603,1649,1695,1742,1790,1837,1885,1933,1981,2029,2079,2128,2178,2227,2278,2328,2379,2429,2480,2533,2584,2636,2688,2741,2793,2846,2898,2951,3004,3058,3112,3166,3219,3272,3327,3381,3436,3490,3545,3599,3654,3708,3764,3819,3874,3929,3984,4039,4094,4149,4204,4260,4314,4370,4425,4480,4535,4590,4645,4700,4755,4810,4865,4919,4973,5028,5083,5137,5191,5245,5299,5352,5406,5460,5513,5566,5619,5671,5724,5776,5828,5880,5932,5983,6035,6085,6135,6187,6236,6286,6336,6385,6434,6483,6532,6580,6628,6675,6722,6768,6815,6861,6906,6952,6996,7041,7085,7129,7171,7214,7256,7299,7340,7380,7421,7460,7500,7538,7576,7614,7651,7688,7724,7760,7794,7829,7862,7895,7927,7959,7990,8021,8050,8080,8107,8135,8162,8188,8213,8238,8262,8285,8307,8328,8347,8367,8384,8402,8418,8432,8446,8458,8468,8477,8483,8489,8494,8500,8500
CaratXL10000,4,12,23,35,49,64,81,99,118,138,159,181,204,228,253,279,305,333,360,389,419,449,480,512,544,577,610,644,680,715,751,788,825,864,902,941,981,1021,1062,1103,1144,1187,1230,1273,1317,1360,1406,1451,1496,1542,1589,1636,1684,1730,1779,1827,1876,1925,1975,2025,2075,2126,2177,2229,2280,2332,2384,2437,2490,2543,2597,2651,2705,2759,2813,2869,2924,2979,3035,3091,3146,3202,3258,3315,3372,3428,3486,3543,3600,3658,3715,3774,3831,3890,3948,4007,4065,4123,4183,4241,4299,4359,4418,4477,4536,4595,4655,4714,4773,4832,4891,4951,5010,5069,5128,5187,5247,5306,5365,5424,5483,5543,5602,5660,5719,5778,5836,5895,5954,6012,6071,6128,6186,6244,6302,6360,6417,6474,6531,6588,6645,6701,6758,6814,6870,6926,6981,7037,7092,7147,7201,7255,7310,7363,7417,7470,7523,7576,7628,7681,7732,7783,7834,7885,7935,7985,8034,8084,8133,8181,8229,8277,8324,8371,8417,8464,8509,8555,8599,8644,8687,8731,8773,8815,8857,8898,8939,8979,9019,9058,9097,9134,9172,9209,9245,9281,9315,9350,9384,9416,9449,9481,9511,9541,9571,9600,9628,9655,9681,9708,9732,9756,9779,9801,9822,9842,9861,9879,9897,9912,9927,9941,9953,9963,9972,9977,9983,9989,9994,10000,10000,10000,10000,10000,10000,10000,10000,10000,10000,10000,10000,10000,10000,10000,10000,10000,10000,10000,10000,10000,10000,10000,10000,10000,10000,10000,10000,10000,10000,10000,10000,10000,10000,10000,10000,10000,10000,10000,10000,10000,10000,10000,10000,10000,10000,10000,10000,10000,10000,10000,10000,10000,10000,10000,10000,10000,10000,10000,10000,10000,10000,10000,10000,10000,10000,10000,10000,10000,10000,10000,10000,10000,10000,10000,10000,10000,10000,10000,10000,10000,10000,10000,10000,10000,10000,10000,10000,10000,10000,10000,10000,10000,10000,10000,10000,10000,10000,10000,10000,10000,10000,10000,10000,10000,10000,10000,10000,10000,10000,10000,10000,10000,10000,10000,10000,10000,10000,10000,10000,10000,10000,10000,10000,10000,10000,10000,10000,10000,10000,10000,10000,10000,10000,10000,10000,10000,10000,10000,10000,10000,10000,10000,10000,10000,10000,10000,10000,10000,10000,10000,10000,10000,10000,10000,10000,10000,10000,10000,10000,10000,10000,10000,10000,10000,10000,10000,10000,10000,10000,10000,10000,10000,10000,10000,10000,10000,10000,10000,10000,10000,10000,10000,10000,10000,10000,10000,10000,10000,10000,10000,10000,10000,10000,10000,10000,10000,10000,10000,10000,10000,10000,10000,10000,10000,10000,10000,10000,10000,10000,10000,10000,10000,10000,10000,10000,10000,10000,10000,10000,10000,10000,10000,10000,10000,10000,10000,10000,10000,10000
CaratXXL16000,1,7,15,25,36,50,64,80,97,116,137,158,181,204,229,256,286,317,350,384,420,458,496,535,576,618,661,705,749,795,843,890,940,989,1040,1092,1144,1198,1252,1306,1363,1419,1477,1535,1594,1653,1714,1775,1838,1901,1965,2028,2094,2159,2225,2292,2359,2428,2497,2566,2637,2707,2778,2850,2922,2995,3068,3142,3217,3291,3368,3443,3519,3596,3674,3751,3830,3909,3988,4068,4148,4228,4309,4389,4471,4552,4635,4718,4800,4883,4967,5050,5135,5219,5303,5388,5474,5559,5644,5730,5816,5902,5989,6076,6163,6250,6337,6424,6511,6598,6686,6774,6862,6950,7038,7127,7215,7303,7392,7480,7569,7658,7747,7835,7924,8013,8101,8190,8278,8367,8456,8545,8633,8722,8810,8898,8986,9074,9162,9250,9338,9426,9513,9601,9688,9775,9862,9948,10035,10121,10207,10292,10378,10463,10549,10633,10718,10803,10886,10970,11054,11136,11220,11302,11384,11465,11547,11629,11708,11789,11869,11949,12028,12107,12185,12263,12340,12417,12493,12570,12645,12720,12795,12868,12942,13014,13087,13159,13230,13301,13371,13440,13509,13577,13645,13711,13778,13843,13909,13972,14036,14099,14161,14223,14283,14343,14402,14460,14518,14574,14631,14685,14739,14793,14845,14897,14948,14998,15047,15094,15142,15188,15233,15277,15320,15361,15402,15442,15480,15517,15553,15588,15621,15653,15684,15712,15738,15764,15788,15811,15833,15853,15873,15891,15908,15923,15938,15950,15961,15970,15976,15982,15988,15993,16000,16000
CaratXXL22000,1,9,21,35,51,69,90,112,136,162,191,221,251,285,319,358,400,443,490,539,588,641,696,751,809,867,927,990,1053,1118,1184,1251,1319,1389,1461,1533,1606,1681,1757,1834,1913,1991,2072,2153,2235,2318,2403,2488,2575,2662,2749,2839,2928,3020,3111,3204,3297,3391,3486,3582,3678,3775,3873,3972,4072,4171,4273,4375,4476,4579,4683,4787,4890,4997,5103,5210,5316,5425,5532,5640,5749,5859,5969,6081,6191,6302,6414,6527,6640,6752,6866,6980,7095,7209,7324,7439,7555,7671,7788,7904,8020,8137,8256,8372,8491,8608,8726,8845,8963,9084,9201,9321,9439,9559,9678,9797,9918,10037,10158,10278,10397,10518,10638,10758,10878,10999,11118,11239,11358,11479,11598,11719,11839,11958,12078,12198,12318,12437,12556,12675,12794,12913,13031,13150,13268,13386,13504,13622,13738,13855,13973,14089,14205,14321,14437,14552,14667,14781,14895,15010,15123,15237,15350,15462,15574,15685,15797,15907,16016,16127,16235,16345,16452,16560,16667,16773,16879,16984,17090,17194,17297,17400,17502,17604,17704,17804,17905,18002,18101,18198,18295,18390,18485,18579,18673,18766,18858,18948,19038,19127,19216,19302,19389,19474,19558,19641,19724,19805,19886,19964,20043,20120,20196,20270,20343,20416,20488,20558,20627,20694,20759,20824,20887,20949,21011,21069,21126,21182,21236,21289,21339,21389,21436,21481,21525,21564,21602,21639,21674,21706,21738,21767,21794,21822,21846,21869,21890,21909,21925,21940,21951,21963,21975,21986,22000,22000
CaratXXL26000,3,12,26,43,61,84,108,134,163,193,228,263,299,339,380,426,476,527,584,641,701,764,829,895,964,1033,1106,1181,1255,1333,1411,1491,1573,1657,1742,1828,1915,2005,2095,2187,2280,2373,2469,2566,2663,2763,2863,2965,3067,3170,3275,3380,3487,3595,3704,3814,3924,4035,4148,4262,4375,4491,4606,4724,4842,4960,5079,5200,5321,5442,5564,5688,5810,5935,6061,6187,6313,6441,6568,6696,6824,6954,7084,7214,7345,7476,7609,7741,7875,8007,8141,8276,8410,8546,8682,8817,8954,9090,9228,9365,9501,9640,9779,9917,10056,10194,10333,10473,10612,10753,10893,11033,11173,11314,11454,11595,11736,11877,12018,12160,12300,12443,12584,12725,12866,13009,13149,13291,13432,13574,13715,13856,13997,14138,14280,14420,14561,14701,14842,14983,15121,15262,15402,15541,15680,15820,15958,16096,16234,16371,16510,16648,16784,16921,17057,17193,17328,17463,17598,17733,17867,18000,18133,18266,18398,18529,18660,18791,18920,19050,19179,19307,19434,19561,19688,19814,19939,20063,20188,20311,20432,20555,20675,20795,20915,21032,21151,21268,21384,21498,21613,21727,21839,21950,22061,22172,22280,22387,22495,22601,22705,22808,22912,23012,23112,23211,23309,23405,23502,23595,23690,23781,23871,23959,24047,24133,24219,24303,24384,24465,24543,24620,24695,24770,24842,24913,24980,25047,25112,25174,25235,25294,25350,25404,25455,25502,25546,25589,25630,25668,25705,25739,25772,25803,25831,25857,25881,25904,25922,25938,25950,25962,25974,25986,26000,26000
CaratXXL32000,2,14,32,54,78,105,136,169,205,243,285,329,374,423,474,530,592,657,726,798,872,951,1031,1114,1200,1286,1376,1469,1562,1659,1757,1856,1958,2061,2167,2274,2382,2493,2605,2719,2835,2951,3070,3190,3310,3433,3557,3683,3810,3938,4066,4198,4329,4464,4597,4733,4869,5007,5146,5286,5427,5569,5711,5856,6002,6146,6295,6443,6591,6740,6892,7043,7193,7348,7502,7658,7812,7969,8126,8282,8441,8600,8759,8921,9081,9242,9404,9567,9731,9893,10059,10223,10389,10555,10721,10887,11055,11222,11391,11559,11726,11896,12067,12235,12407,12576,12745,12918,13088,13262,13432,13604,13775,13948,14119,14292,14465,14637,14812,14984,15156,15331,15504,15676,15850,16024,16197,16370,16542,16717,16889,17062,17236,17408,17580,17754,17926,18098,18270,18441,18613,18785,18955,19127,19297,19467,19638,19808,19976,20146,20315,20483,20651,20818,20986,21152,21318,21484,21649,21814,21979,22143,22307,22469,22631,22792,22954,23114,23272,23432,23590,23748,23905,24061,24216,24371,24525,24678,24831,24982,25133,25282,25431,25579,25726,25871,26018,26160,26304,26446,26587,26727,26866,27004,27141,27277,27411,27544,27676,27807,27937,28064,28191,28317,28440,28563,28684,28804,28923,29039,29155,29269,29381,29491,29599,29707,29813,29916,30019,30119,30215,30312,30405,30497,30589,30675,30760,30844,30923,31002,31077,31150,31219,31286,31350,31406,31461,31513,31563,31609,31655,31695,31734,31773,31807,31839,31869,31895,31917,31936,31950,31962,31975,31986,32000,32000
CaratXXL36000,4,17,37,62,88,120,154,191,232,274,322,371,422,477,535,598,668,741,820,900,985,1074,1164,1258,1355,1452,1555,1660,1764,1874,1984,2096,2212,2329,2448,2569,2691,2817,2943,3072,3202,3333,3467,3603,3738,3878,4017,4160,4302,4446,4592,4739,4888,5039,5190,5343,5496,5651,5808,5966,6124,6285,6444,6608,6772,6935,7101,7268,7436,7603,7773,7944,8113,8286,8460,8635,8809,8985,9162,9338,9516,9695,9874,10054,10235,10416,10599,10781,10966,11148,11334,11519,11704,11892,12079,12265,12454,12641,12831,13020,13207,13399,13590,13780,13972,14162,14352,14546,14737,14931,15124,15316,15509,15703,15895,16090,16283,16477,16672,16866,17059,17256,17450,17643,17838,18034,18228,18422,18616,18812,19006,19199,19394,19588,19782,19976,20169,20362,20556,20749,20940,21134,21326,21518,21709,21901,22092,22282,22472,22662,22852,23042,23230,23418,23606,23793,23979,24166,24352,24537,24723,24906,25090,25273,25455,25636,25817,25998,26176,26355,26534,26710,26887,27062,27237,27412,27585,27757,27929,28099,28268,28437,28604,28770,28937,29099,29264,29426,29587,29746,29905,30064,30220,30375,30529,30683,30833,30983,31133,31281,31426,31570,31714,31855,31994,32133,32269,32404,32539,32670,32802,32930,33056,33180,33303,33424,33544,33661,33776,33890,33999,34108,34213,34318,34420,34519,34614,34709,34799,34887,34973,35055,35133,35209,35280,35344,35405,35463,35519,35571,35622,35667,35712,35754,35792,35827,35860,35890,35914,35934,35949,35961,35974,35986,36000,36000
CaratXXL42000,3,19,43,73,105,141,182,226,274,324,379,437,497,561,629,702,784,871,962,1057,1156,1261,1366,1477,1591,1705,1825,1948,2071,2200,2330,2461,2597,2733,2873,3015,3158,3305,3453,3604,3757,3911,4068,4227,4385,4548,4711,4878,5045,5214,5383,5557,5730,5908,6083,6262,6441,6623,6806,6990,7176,7363,7549,7740,7932,8121,8317,8511,8706,8901,9101,9299,9496,9699,9901,10106,10308,10513,10720,10924,11133,11341,11549,11761,11971,12182,12394,12607,12822,13034,13252,13466,13683,13901,14118,14335,14555,14773,14994,15214,15432,15655,15878,16098,16323,16544,16764,16991,17213,17440,17663,17887,18111,18337,18560,18787,19012,19237,19466,19690,19915,20144,20370,20594,20822,21049,21276,21501,21726,21955,22180,22405,22633,22858,23082,23310,23534,23759,23984,24207,24432,24657,24879,25104,25326,25548,25772,25994,26214,26437,26657,26877,27097,27315,27535,27752,27969,28187,28403,28618,28835,29049,29264,29476,29688,29899,30111,30321,30528,30737,30945,31151,31358,31562,31765,31969,32171,32372,32572,32770,32969,33164,33360,33554,33748,33938,34131,34318,34507,34694,34879,35064,35247,35429,35609,35788,35964,36140,36314,36487,36658,36826,36993,37160,37322,37485,37644,37803,37960,38114,38267,38418,38566,38712,38855,38998,39138,39274,39411,39544,39671,39800,39923,40045,40167,40281,40394,40506,40610,40715,40815,40911,41002,41091,41175,41248,41320,41387,41452,41512,41572,41623,41674,41724,41768,41809,41848,41881,41909,41932,41949,41961,41975,41986,42000,42000
CaratXXL46000,5,22,48,81,115,156,200,248,301,355,416,479,545,615,690,770,860,955,1056,1159,1269,1384,1499,1621,1746,1871,2004,2139,2273,2415,2557,2701,2851,3001,3154,3310,3467,3629,3791,3957,4124,4293,4465,4640,4813,4993,5171,5355,5537,5722,5909,6098,6289,6483,6676,6872,7068,7267,7468,7670,7873,8079,8282,8492,8702,8910,9123,9336,9551,9764,9982,10200,10416,10637,10859,11083,11305,11529,11756,11980,12208,12436,12664,12894,13125,13356,13589,13821,14057,14289,14527,14762,14998,15238,15476,15713,15954,16192,16434,16675,16913,17158,17401,17643,17888,18130,18371,18619,18862,19109,19355,19599,19845,20092,20336,20585,20830,21077,21326,21572,21818,22069,22316,22561,22810,23059,23307,23553,23800,24050,24297,24542,24791,25038,25284,25532,25777,26023,26270,26515,26759,27006,27250,27495,27738,27982,28226,28468,28710,28953,29194,29436,29676,29915,30155,30393,30630,30869,31106,31341,31579,31812,32047,32280,32512,32743,32974,33205,33432,33660,33889,34113,34340,34563,34786,35010,35231,35451,35670,35887,36104,36319,36533,36745,36959,37166,37377,37584,37790,37994,38197,38401,38601,38800,38997,39194,39386,39579,39771,39961,40147,40332,40516,40698,40876,41055,41229,41403,41576,41745,41914,42079,42241,42401,42559,42715,42869,43019,43168,43315,43455,43596,43731,43866,43998,44125,44248,44371,44486,44600,44711,44816,44916,45014,45105,45186,45264,45337,45408,45474,45539,45595,45652,45705,45753,45797,45839,45876,45906,45930,45948,45960,45974,45986,46000,46000
CaratXXL52000,4,24,54,92,132,177,228,283,343,405,473,545,620,699,784,874,976,1085,1198,1316,1440,1571,1701,1840,1982,2124,2274,2427,2580,2741,2903,3066,3236,3405,3579,3756,3934,4117,4301,4489,4679,4871,5066,5264,5460,5663,5865,6073,6280,6490,6700,6916,7131,7352,7569,7791,8013,8239,8466,8694,8925,9157,9387,9624,9862,10096,10339,10579,10821,11062,11310,11555,11799,12050,12300,12554,12804,13057,13314,13566,13825,14082,14339,14601,14861,15122,15384,15647,15913,16175,16445,16709,16977,17247,17515,17783,18055,18324,18597,18869,19138,19414,19689,19961,20239,20512,20783,21064,21338,21618,21894,22170,22447,22726,23001,23282,23559,23837,24120,24396,24674,24957,25236,25512,25794,26074,26355,26632,26910,27193,27471,27748,28030,28308,28584,28866,29142,29420,29698,29973,30251,30529,30803,31081,31355,31629,31906,32180,32452,32728,32999,33271,33543,33812,34084,34352,34620,34890,35157,35422,35691,35955,36221,36483,36745,37006,37268,37528,37784,38042,38300,38554,38811,39063,39314,39567,39817,40066,40313,40558,40805,41046,41289,41529,41770,42005,42244,42476,42710,42942,43171,43401,43628,43854,44077,44299,44517,44736,44952,45167,45379,45588,45795,46003,46204,46407,46604,46802,46997,47189,47379,47567,47751,47933,48111,48289,48463,48632,48803,48969,49127,49288,49441,49593,49745,49887,50028,50168,50297,50428,50553,50672,50785,50896,51000,51090,51179,51261,51341,51415,51489,51551,51614,51675,51729,51779,51827,51867,51901,51928,51948,51960,51975,51986,52000,52000
CaratXXL56000,6,27,59,100,142,192,246,305,370,436,510,587,668,753,845,942,1052,1169,1292,1418,1553,1694,1834,1984,2137,2290,2453,2618,2782,2956,3130,3306,3490,3673,3860,4051,4243,4441,4639,4842,5046,5253,5463,5677,5888,6108,6325,6550,6772,6998,7226,7457,7690,7927,8162,8401,8640,8883,9128,9374,9622,9873,10120,10376,10632,10885,11145,11404,11666,11925,12191,12456,12719,12988,13258,13531,13801,14073,14350,14622,14900,15177,15454,15734,16015,16296,16579,16861,17148,17430,17720,18005,18292,18584,18873,19161,19454,19743,20037,20330,20619,20917,21212,21506,21804,22098,22390,22692,22987,23287,23586,23882,24181,24481,24777,25080,25377,25677,25980,26278,26577,26882,27182,27479,27782,28084,28386,28684,28984,29288,29588,29885,30188,30488,30786,31088,31385,31684,31984,32281,32578,32878,33174,33472,33767,34063,34360,34654,34948,35244,35536,35830,36122,36412,36704,36993,37281,37572,37860,38145,38435,38718,39004,39287,39569,39850,40131,40412,40688,40965,41244,41516,41793,42064,42335,42608,42877,43145,43411,43675,43940,44201,44462,44720,44981,45233,45490,45742,45993,46242,46489,46738,46982,47225,47465,47705,47939,48175,48409,48641,48868,49094,49318,49541,49758,49977,50189,50402,50613,50820,51026,51228,51426,51622,51815,52006,52194,52377,52560,52740,52911,53084,53249,53414,53576,53731,53882,54033,54173,54313,54449,54577,54699,54819,54930,55028,55123,55211,55297,55377,55456,55523,55592,55656,55714,55767,55818,55862,55898,55926,55947,55959,55974,55986,56000,56000
CaratXXL62000,5,29,65,111,159,213,274,340,412,486,567,653,743,837,939,1046,1168,1299,1434,1575,1724,1881,2036,2203,2373,2543,2723,2906,3089,3282,3476,3671,3875,4077,4285,4497,4710,4929,5149,5374,5601,5831,6064,6301,6535,6778,7019,7268,7515,7766,8017,8275,8532,8796,9055,9320,9585,9855,10126,10398,10674,10951,11225,11508,11792,12071,12361,12647,12936,13223,13519,13811,14102,14401,14699,15002,15300,15601,15908,16208,16517,16823,17129,17441,17751,18062,18374,18687,19004,19316,19638,19952,20271,20593,20912,21231,21555,21875,22200,22524,22844,23173,23500,23824,24155,24480,24802,25137,25463,25796,26125,26453,26783,27115,27442,27777,28106,28437,28774,29102,29433,29770,30102,30430,30766,31099,31434,31763,32094,32431,32762,33091,33427,33758,34086,34422,34750,35081,35412,35739,36070,36401,36727,37058,37384,37710,38040,38366,38690,39019,39341,39665,39989,40309,40633,40952,41271,41593,41911,42226,42547,42861,43178,43490,43802,44113,44425,44735,45040,45347,45655,45957,46264,46564,46863,47165,47463,47760,48054,48346,48641,48928,49218,49504,49792,50072,50357,50634,50913,51190,51463,51738,52009,52279,52545,52810,53070,53332,53590,53847,54100,54350,54597,54846,55086,55329,55564,55801,56034,56264,56491,56716,56936,57154,57367,57580,57788,57990,58195,58394,58583,58776,58959,59141,59323,59493,59662,59830,59984,60141,60291,60433,60568,60701,60825,60932,61038,61135,61230,61318,61406,61479,61554,61626,61690,61749,61806,61853,61893,61924,61947,61959,61975,61986,62000,62000
CaratXXL66000,7,32,70,119,169,228,292,362,439,517,604,695,791,891,1000,1114,1244,1383,1528,1677,1837,2004,2169,2347,2528,2709,2902,3097,3291,3497,3703,3911,4129,4345,4566,4792,5019,5253,5487,5727,5968,6213,6461,6714,6963,7223,7479,7745,8007,8274,8543,8816,9091,9371,9648,9930,10212,10499,10788,11078,11371,11667,11958,12260,12562,12860,13167,13472,13781,14086,14400,14712,15022,15339,15657,15979,16297,16617,16944,17264,17592,17918,18244,18574,18905,19236,19569,19901,20239,20571,20913,21248,21586,21930,22270,22609,22954,23294,23640,23985,24325,24676,25023,25369,25720,26066,26409,26765,27112,27465,27817,28165,28517,28870,29218,29575,29924,30277,30634,30984,31336,31695,32048,32397,32754,33109,33465,33815,34168,34526,34879,35228,35585,35938,36288,36644,36993,37345,37698,38047,38397,38750,39098,39449,39796,40144,40494,40840,41186,41535,41878,42224,42568,42909,43253,43593,43932,44275,44614,44949,45291,45624,45961,46294,46626,46957,47288,47619,47944,48270,48599,48919,49246,49565,49884,50206,50523,50839,51152,51463,51776,52083,52391,52695,53003,53300,53603,53900,54196,54490,54781,55075,55363,55650,55933,56216,56492,56771,57047,57321,57589,57856,58120,58384,58640,58899,59149,59401,59650,59895,60138,60377,60611,60843,61071,61297,61519,61735,61952,62165,62367,62572,62767,62962,63154,63337,63516,63695,63860,64026,64187,64338,64482,64624,64755,64870,64982,65085,65186,65280,65373,65451,65532,65607,65675,65737,65797,65848,65890,65922,65946,65958,65974,65986,66000,66000
CaratXXL72000,6,34,76,130,186,249,320,397,481,567,661,761,866,975,1094,1218,1360,1513,1670,1834,2008,2191,2371,2566,2764,2962,3172,3385,3598,3823,4049,4276,4514,4749,4991,5238,5486,5741,5997,6259,6523,6791,7062,7338,7610,7893,8173,8463,8750,9042,9334,9634,9933,10240,10541,10849,11157,11471,11786,12102,12423,12745,13063,13392,13722,14046,14383,14715,15051,15384,15728,16067,16405,16752,17098,17450,17796,18145,18502,18850,19209,19564,19919,20281,20641,21002,21364,21727,22095,22457,22831,23195,23565,23939,24309,24679,25055,25426,25803,26179,26550,26932,27311,27687,28071,28448,28821,29210,29588,29974,30356,30736,31119,31504,31883,32272,32653,33037,33428,33808,34192,34583,34968,35348,35738,36124,36513,36894,37278,37669,38053,38434,38824,39208,39588,39978,40358,40742,41126,41505,41889,42273,42651,43035,43413,43791,44174,44552,44928,45310,45683,46059,46435,46806,47182,47552,47922,48296,48665,49030,49403,49767,50135,50497,50859,51220,51582,51942,52296,52652,53010,53360,53717,54065,54412,54763,55109,55454,55795,56134,56477,56810,57147,57479,57814,58139,58470,58792,59116,59438,59755,60075,60390,60704,61013,61321,61623,61928,62228,62527,62821,63112,63399,63689,63968,64251,64524,64800,65071,65339,65603,65865,66121,66375,66623,66871,67113,67348,67587,67819,68039,68264,68477,68689,68901,69099,69296,69492,69671,69854,70029,70194,70351,70506,70650,70774,70897,71009,71119,71221,71323,71407,71494,71577,71651,71719,71785,71839,71885,71920,71946,71958,71975,71986,72000,72000
CaratXXL76000,8,37,81,138,196,264,338,419,508,598,698,803,914,1029,1155,1286,1436,1597,1764,1936,2121,2314,2504,2710,2919,3128,3351,3576,3800,4038,4276,4516,4768,5017,5272,5533,5795,6065,6335,6612,6890,7173,7459,7751,8038,8338,8633,8940,9242,9550,9860,10175,10492,10815,11134,11459,11784,12115,12448,12782,13120,13461,13796,14144,14492,14835,15189,15540,15896,16247,16609,16968,17325,17690,18056,18427,18793,19161,19538,19906,20284,20659,21034,21414,21795,22176,22559,22941,23330,23712,24106,24491,24880,25276,25667,26057,26454,26845,27243,27640,28031,28435,28834,29232,29636,30034,30428,30838,31237,31643,32048,32448,32853,33259,33659,34070,34471,34877,35288,35690,36095,36508,36914,37315,37726,38134,38544,38946,39352,39764,40170,40571,40982,41388,41790,42200,42601,43006,43412,43813,44216,44622,45022,45426,45825,46225,46628,47026,47424,47826,48220,48618,49014,49406,49802,50193,50583,50978,51368,51753,52147,52530,52918,53301,53683,54064,54445,54826,55200,55575,55954,56322,56699,57066,57433,57804,58169,58533,58893,59251,59612,59965,60320,60670,61025,61367,61716,62058,62399,62738,63073,63412,63744,64075,64401,64727,65045,65367,65685,66001,66310,66618,66922,67227,67522,67821,68109,68400,68687,68970,69250,69526,69796,70064,70327,70588,70844,71093,71344,71590,71823,72060,72285,72510,72732,72943,73150,73357,73547,73739,73925,74099,74265,74429,74580,74712,74841,74959,75075,75183,75290,75379,75472,75558,75636,75707,75776,75834,75882,75918,75945,75957,75974,75986,76000,76000
CaratXXL82000,7,39,87,149,213,285,366,454,550,648,755,869,989,1113,1249,1390,1552,1727,1906,2093,2292,2501,2706,2929,3155,3381,3621,3864,4107,4364,4622,4881,5153,5421,5697,5979,6262,6553,6845,7144,7445,7751,8060,8375,8685,9008,9327,9658,9985,10318,10651,10993,11334,11684,12027,12378,12729,13087,13446,13806,14172,14539,14901,15276,15652,16021,16405,16783,17166,17545,17937,18323,18708,19103,19497,19898,20292,20689,21096,21492,21901,22305,22709,23121,23531,23942,24354,24767,25186,25598,26024,26438,26859,27285,27706,28127,28555,28977,29406,29834,30256,30691,31122,31550,31987,32416,32840,33283,33713,34152,34587,35019,35455,35893,36324,36767,37200,37637,38082,38514,38951,39396,39834,40266,40710,41149,41592,42025,42462,42907,43344,43777,44221,44658,45090,45534,45966,46403,46840,47271,47708,48145,48575,49012,49442,49872,50308,50738,51166,51601,52025,52453,52881,53303,53731,54152,54573,54999,55419,55834,56259,56673,57092,57504,57916,58327,58739,59149,59552,59957,60365,60763,61170,61566,61961,62361,62755,63148,63536,63922,64313,64692,65076,65454,65836,66206,66583,66950,67319,67686,68047,68412,68771,69129,69481,69832,70176,70524,70866,71207,71542,71874,72201,72532,72850,73173,73484,73799,74108,74414,74715,75014,75306,75596,75879,76162,76438,76706,76979,77244,77495,77752,77995,78237,78479,78705,78930,79154,79358,79567,79767,79955,80134,80311,80475,80616,80756,80883,81008,81124,81240,81335,81434,81528,81612,81689,81764,81825,81877,81916,81945,81957,81975,81986,82000,82000
CaratXXL86000,9,42,92,157,223,300,384,476,577,679,792,911,1037,1167,1310,1458,1628,1811,2000,2195,2405,2624,2839,3073,3310,3547,3800,4055,4309,4579,4849,5121,5407,5689,5978,6274,6571,6877,7183,7497,7812,8133,8457,8788,9113,9453,9787,10135,10477,10826,11177,11534,11893,12259,12620,12988,13356,13731,14108,14486,14869,15255,15634,16028,16422,16810,17211,17608,18011,18408,18818,19224,19628,20041,20455,20875,21289,21705,22132,22548,22976,23400,23824,24254,24685,25116,25549,25981,26421,26853,27299,27734,28174,28622,29064,29505,29954,30396,30846,31295,31737,32194,32645,33095,33552,34002,34447,34911,35362,35821,36279,36731,37189,37648,38100,38565,39018,39477,39942,40396,40854,41321,41780,42233,42698,43159,43623,44077,44536,45002,45461,45914,46379,46838,47292,47756,48209,48667,49126,49579,50035,50494,50946,51403,51854,52306,52762,53212,53662,54117,54562,55012,55460,55903,56351,56793,57234,57681,58122,58557,59003,59436,59875,60308,60740,61171,61602,62033,62456,62880,63309,63725,64152,64567,64982,65402,65815,66227,66634,67039,67448,67847,68249,68645,69047,69434,69829,70216,70602,70986,71365,71749,72125,72500,72869,73238,73598,73963,74323,74681,75031,75380,75724,76070,76404,76743,77069,77399,77724,78045,78362,78675,78981,79285,79583,79879,80169,80451,80736,81015,81279,81548,81803,82058,82310,82549,82784,83019,83234,83452,83663,83860,84048,84234,84405,84554,84700,84833,84964,85086,85207,85307,85412,85509,85597,85677,85755,85820,85874,85914,85944,85956,85974,85986,86000,86000
CaratXXL92000,8,44,98,168,240,321,412,511,619,729,849,977,1112,1251,1404,1562,1744,1941,2142,2352,2576,2811,3041,3292,3546,3800,4070,4343,4616,4905,5195,5486,5792,6093,6403,6720,7038,7365,7693,8029,8367,8711,9058,9412,9760,10123,10481,10853,11220,11594,11968,12352,12735,13128,13513,13907,14301,14703,15106,15510,15921,16333,16739,17160,17582,17996,18427,18851,19281,19706,20146,20579,21011,21454,21896,22346,22788,23233,23690,24134,24593,25046,25499,25961,26421,26882,27344,27807,28277,28739,29217,29681,30153,30631,31103,31575,32055,32528,33009,33489,33962,34450,34933,35413,35903,36384,36859,37356,37838,38330,38818,39302,39791,40282,40765,41262,41747,42237,42736,43220,43710,44209,44700,45184,45682,46174,46671,47156,47646,48145,48635,49120,49618,50108,50592,51090,51574,52064,52554,53037,53527,54017,54499,54989,55471,55953,56442,56924,57404,57892,58367,58847,59327,59800,60280,60752,61224,61702,62173,62638,63115,63579,64049,64511,64973,65434,65896,66356,66808,67262,67720,68166,68623,69067,69510,69959,70401,70842,71277,71710,72149,72574,73005,73429,73858,74273,74696,75108,75522,75934,76339,76749,77152,77554,77949,78343,78729,79120,79504,79887,80263,80636,81003,81375,81732,82095,82444,82798,83145,83489,83827,84163,84491,84817,85135,85453,85763,86064,86371,86669,86951,87240,87513,87785,88057,88311,88564,88816,89045,89280,89505,89716,89917,90116,90300,90458,90615,90757,90897,91027,91157,91263,91374,91479,91573,91659,91743,91811,91869,91912,91944,91956,91975,91986,92000,92000
CaratXXL96000,10,47,103,176,250,336,430,533,646,760,886,1019,1160,1305,1465,1630,1820,2025,2236,2454,2689,2934,3174,3436,3701,3966,4249,4534,4818,5120,5422,5726,6046,6361,6684,7015,7347,7689,8031,8382,8734,9093,9455,9825,10188,10568,10941,11330,11712,12102,12494,12893,13294,13703,14106,14517,14928,15347,15768,16190,16618,17049,17472,17912,18352,18785,19233,19676,20126,20569,21027,21480,21931,22392,22854,23323,23785,24249,24726,25190,25668,26141,26614,27094,27575,28056,28539,29021,29512,29994,30492,30977,31468,31968,32461,32953,33454,33947,34449,34950,35443,35953,36456,36958,37468,37970,38466,38984,39487,39999,40510,41014,41525,42037,42541,43060,43565,44077,44596,45102,45613,46134,46646,47151,47670,48184,48702,49208,49720,50240,50752,51257,51776,52288,52794,53312,53817,54328,54840,55345,55854,56366,56870,57380,57883,58387,58896,59398,59900,60408,60904,61406,61906,62400,62900,63393,63885,64384,64876,65361,65859,66342,66832,67315,67797,68278,68759,69240,69712,70185,70664,71128,71605,72068,72531,73000,73461,73921,74375,74827,75284,75729,76178,76620,77069,77501,77942,78374,78805,79234,79657,80086,80506,80925,81337,81749,82151,82559,82961,83361,83752,84142,84526,84913,85286,85665,86029,86398,86761,87120,87474,87824,88166,88506,88839,89170,89494,89809,90128,90440,90735,91036,91321,91606,91888,92155,92418,92681,92921,93165,93401,93621,93831,94039,94230,94396,94559,94707,94853,94989,95124,95235,95352,95460,95558,95647,95734,95806,95866,95910,95943,95955,95974,95986,96000,96000
CaratXXL102000,9,49,109,187,267,357,458,568,688,810,943,1085,1235,1389,1559,1734,1936,2155,2378,2611,2860,3121,3376,3655,3937,4219,4519,4822,5125,5446,5768,6091,6431,6765,7109,7461,7814,8177,8541,8914,9289,9671,10056,10449,10835,11238,11635,12048,12455,12870,13285,13711,14136,14572,14999,15436,15873,16319,16766,17214,17670,18127,18577,19044,19512,19971,20449,20919,21396,21867,22355,22835,23314,23805,24295,24794,25284,25777,26284,26776,27285,27787,28289,28801,29311,29822,30334,30847,31368,31880,32410,32924,33447,33977,34500,35023,35555,36079,36612,37144,37668,38209,38744,39276,39819,40352,40878,41429,41963,42508,43049,43585,44127,44671,45206,45757,46294,46837,47390,47926,48469,49022,49566,50102,50654,51199,51750,52287,52830,53383,53926,54463,55015,55558,56094,56646,57182,57725,58268,58803,59346,59889,60423,60966,61500,62034,62576,63110,63642,64183,64709,65241,65773,66297,66829,67352,67875,68405,68927,69442,69971,70485,71006,71518,72030,72541,73053,73563,74064,74567,75075,75569,76076,76568,77059,77557,78047,78536,79018,79498,79985,80456,80934,81404,81880,82340,82809,83266,83725,84182,84631,85086,85533,85979,86417,86854,87282,87716,88142,88567,88984,89398,89805,90218,90614,91017,91404,91797,92182,92564,92939,93312,93676,94038,94391,94744,95088,95422,95763,96094,96407,96728,97031,97333,97635,97917,98198,98478,98732,98993,99243,99477,99700,99921,100125,100300,100474,100631,100786,100930,101074,101191,101314,101430,101534,101629,101722,101797,101861,101908,101943,101955,101975,101986,102000,102000
CaratXXL106000,11,52,114,195,277,372,476,590,715,841,980,1127,1283,1443,1620,1802,2012,2239,2472,2713,2973,3244,3509,3799,4092,4385,4698,5013,5327,5661,5995,6331,6685,7033,7390,7756,8123,8501,8879,9267,9656,10053,10453,10862,11263,11683,12095,12525,12947,13378,13811,14252,14695,15147,15592,16046,16500,16963,17428,17894,18367,18843,19310,19796,20282,20760,21255,21744,22241,22730,23236,23736,24234,24743,25253,25771,26281,26793,27320,27832,28360,28882,29404,29934,30465,30996,31529,32061,32603,33135,33685,34220,34762,35314,35858,36401,36954,37498,38052,38605,39149,39712,40267,40821,41384,41938,42485,43057,43612,44177,44741,45297,45861,46426,46982,47555,48112,48677,49250,49808,50372,50947,51512,52069,52642,53209,53781,54339,54904,55478,56043,56600,57173,57738,58296,58868,59425,59989,60554,61111,61673,62238,62794,63357,63912,64468,65030,65584,66138,66699,67246,67800,68352,68897,69449,69993,70536,71087,71630,72165,72715,73248,73789,74322,74854,75385,75916,76447,76968,77490,78019,78531,79058,79569,80080,80598,81107,81615,82116,82615,83120,83611,84107,84595,85091,85568,86055,86532,87008,87482,87949,88423,88887,89350,89805,90260,90704,91155,91599,92041,92473,92904,93328,93756,94168,94587,94989,95397,95798,96195,96586,96973,97351,97727,98095,98461,98819,99167,99520,99865,100191,100524,100839,101154,101466,101761,102052,102343,102608,102878,103139,103382,103614,103844,104055,104238,104418,104581,104742,104892,105041,105163,105292,105411,105519,105617,105713,105792,105858,105906,105942,105954,105974,105986,106000,106000
CaratXXL112000,10,54,120,206,294,393,504,625,757,891,1037,1193,1358,1527,1714,1906,2128,2369,2614,2870,3144,3431,3711,4018,4328,4638,4968,5301,5634,5987,6341,6696,7070,7437,7815,8202,8590,8989,9389,9799,10211,10631,11054,11486,11910,12353,12789,13243,13690,14146,14602,15070,15537,16016,16485,16965,17445,17935,18426,18918,19419,19921,20415,20928,21442,21946,22471,22987,23511,24028,24564,25091,25617,26156,26694,27242,27780,28321,28878,29418,29977,30528,31079,31641,32201,32762,33324,33887,34459,35021,35603,36167,36741,37323,37897,38471,39055,39630,40215,40799,41374,41968,42555,43139,43735,44320,44897,45502,46088,46686,47280,47868,48463,49060,49647,50252,50841,51437,52044,52632,53228,53835,54432,55020,55626,56224,56829,57418,58014,58621,59217,59806,60412,61008,61596,62202,62790,63386,63982,64569,65165,65761,66347,66943,67529,68115,68710,69296,69880,70474,71051,71635,72219,72794,73378,73952,74526,75108,75681,76246,76827,77391,77963,78525,79087,79648,80210,80770,81320,81872,82430,82972,83529,84069,84608,85155,85693,86230,86759,87286,87821,88338,88863,89379,89902,90407,90922,91424,91928,92430,92923,93423,93914,94404,94885,95365,95835,96312,96780,97247,97705,98160,98607,99061,99496,99939,100364,100796,101219,101639,102051,102461,102861,103259,103647,104035,104413,104780,105155,105519,105863,106216,106549,106881,107213,107523,107832,108140,108419,108706,108981,109238,109483,109726,109950,110142,110333,110505,110675,110833,110991,111119,111254,111381,111495,111599,111701,111783,111853,111904,111942,111954,111975,111986,112000,112000
CaratXXL116000,12,57,125,214,304,408,522,647,784,922,1074,1235,1406,1581,1775,1974,2204,2453,2708,2972,3257,3554,3844,4162,4483,4804,5147,5492,5836,6202,6568,6936,7324,7705,8096,8497,8899,9313,9727,10152,10578,11013,11451,11899,12338,12798,13249,13720,14182,14654,15128,15611,16096,16591,17078,17575,18072,18579,19088,19598,20116,20637,21148,21680,22212,22735,23277,23812,24356,24891,25445,25992,26537,27094,27652,28219,28777,29337,29914,30474,31052,31623,32194,32774,33355,33936,34519,35101,35694,36276,36878,37463,38056,38660,39255,39849,40454,41049,41655,42260,42855,43471,44078,44684,45300,45906,46504,47130,47737,48355,48972,49580,50197,50815,51423,52050,52659,53277,53904,54514,55131,55760,56378,56987,57614,58234,58860,59470,60088,60716,61334,61943,62570,63188,63798,64424,65033,65650,66268,66877,67492,68110,68718,69334,69941,70549,71164,71770,72376,72990,73588,74194,74798,75394,75998,76593,77187,77790,78384,78969,79571,80154,80746,81329,81911,82492,83073,83654,84224,84795,85374,85934,86511,87070,87629,88196,88753,89309,89857,90403,90956,91493,92036,92570,93113,93635,94168,94690,95211,95730,96241,96760,97268,97775,98273,98771,99257,99751,100237,100721,101194,101666,102130,102599,103050,103509,103949,104396,104835,105270,105698,106122,106536,106948,107351,107752,108144,108525,108912,109290,109647,110012,110357,110702,111044,111367,111686,112005,112295,112591,112877,113143,113397,113649,113880,114080,114277,114455,114631,114795,114958,115091,115232,115362,115480,115587,115692,115778,115850,115902,115941,115953,115974,115986,116000,116000
CaratXXL122000,11,59,131,225,321,429,550,682,826,972,1131,1301,1481,1665,1869,2078,2320,2583,2850,3129,3428,3741,4046,4381,4719,5057,5417,5780,6143,6528,6914,7301,7709,8109,8521,8943,9366,9801,10237,10684,11133,11591,12052,12523,12985,13468,13943,14438,14925,15422,15919,16429,16938,17460,17971,18494,19017,19551,20086,20622,21168,21715,22253,22812,23372,23921,24493,25055,25626,26189,26773,27347,27920,28507,29093,29690,30276,30865,31472,32060,32669,33269,33869,34481,35091,35702,36314,36927,37550,38162,38796,39410,40035,40669,41294,41919,42555,43181,43818,44454,45080,45727,46366,47002,47651,48288,48916,49575,50213,50864,51511,52151,52799,53449,54088,54747,55388,56037,56698,57338,57987,58648,59298,59938,60598,61249,61908,62549,63198,63859,64508,65149,65809,66458,67098,67758,68398,69047,69696,70335,70984,71633,72271,72920,73558,74196,74844,75482,76118,76765,77393,78029,78665,79291,79927,80552,81177,81811,82435,83050,83683,84297,84920,85532,86144,86755,87367,87977,88576,89177,89785,90375,90982,91570,92157,92753,93339,93924,94500,95074,95657,96220,96792,97354,97924,98474,99035,99582,100131,100678,101215,101760,102295,102829,103353,103876,104388,104908,105418,105927,106426,106922,107409,107904,108378,108861,109324,109795,110256,110714,111163,111610,112046,112480,112903,113326,113738,114138,114547,114944,115319,115704,116067,116429,116791,117129,117466,117802,118106,118419,118719,118999,119266,119531,119775,119984,120192,120379,120564,120736,120908,121047,121194,121332,121456,121569,121680,121769,121845,121900,121941,121953,121975,121986,122000,122000
